Title, Price 
YuGiOh! Structure Deck: Dark World 1st Edition ::,£7.90
YuGiOh! Structure Deck: Legend of the Crystal Beasts x3 :: IN STOCK ::,£24.90
YuGiOh! Structure Deck: Legend of the Crystal Beasts :: IN STOCK :: ,£8.90
YuGiOh! Structure Deck: Cyber Strike UNL Edition ::,£8.90
YuGiOh! Structure Deck: Albaz Strike 1st Edition :: ,£10.90
YuGiOh! Egyptian God Deck: Slifer the Sky Dragon ::,£10.25
YuGiOh! Egyptian God Deck: Obelisk the Tormentor ::,£10.25
YuGiOh! Egyptian God Decks: Slifer the Sky Dragon + Obelisk the Tormentor - Set of 2 Decks ::,£19.90
YuGiOh! Structure Deck: Freezing Chains ::,£9.90
YuGiOh! Structure Deck: Spirit Charmers ::,£18.90
YuGiOh! Speed Duel Starter Decks: Match of the Millennium & Twisted Nightmares ::,£32.90
YuGiOh! Speed Duel Starter Deck: Match of the Millennium ::,£17.90
YuGiOh! Structure Deck: HERO Strike UNL Edition  ::  Brand New and Sealed Box,£19.90
YuGiOh! Structure Deck: Geargia Rampage  :: 42 Cards - No Box,£7.90
Yu-Gi-Oh! Super Starter Deck: Space-Time Showdown ::  Brand New and Sealed Box,£12.90
YuGiOh! Starter Deck: Dawn of the Xyz 1st Edition Brand New and Sealed Box!,£24.90
YuGiOh! Legendary Hero Decks :: 3 Unique 50-Cards Decks :: Brand New And Sealed!,£26.90
YuGiOh! King of Games - Yugi’s Legendary Decks :: UNL Edition ,£32.90
YuGiOh! Cyberse Link Structure Deck :: Brand New And Sealed Box! ::,£14.90
YuGiOh! Structure Deck: Rokket Revolt :: Brand New And Sealed Box! ::,£19.90
YuGiOh! Starter Deck: Dawn of the Xyz 1st Edition - Sealed Cards Only,£12.90
YuGiOh! Structure Deck: Order of the Spellcasters :: Brand New And Sealed Box! ::,£19.90
YuGiOh! Dinosmasher’s Fury Structure Deck UNL Edtion ::,£16.90
